qBF1Pd,W4Efsd 2,W4Efsd 4,Phone No.
The Raymond Shop,Clothing store,"Chikhalwadi Corner, Gurudwara Rd, opp. Oriental Bank",8007777911
Karan's Gazab Garments,Clothing store,"5826+XQ2, Khandelwal Plaza, Vazirabad, near King Collection",9823635973
Kesharlal Babulal Kasliwal,Clothing store,"Kesharlal Babulal Kasliwal, Mahatma Gandhi Rd",7721904335
Kannawar Mens Wear,Clothing store,"6, Gurunanak Market, G G Road, Opp Hanuman Tekdi",2462246955
Zeba Cloth Centre,Women's clothing store,"48WF+PPH, Hyder Bagh St",9370370316
Planet Fashion,Clothing store,"Municipal No. 37645/37646, Pundilkwadi, Mahaveer Chowk.",2462232499
Maharashtra Cloth Stores,Women's clothing store,"Shop No, 12 & 13, Mahatma Gandhi Rd, opposite Osman Medical",2462240072
Hurne Cloth Centre,Men's clothing store,"5827+Q69, Opposite Multipurpose High School",9975116839
Kasliwal Collection (LAHANKAR),Clothing store,"Main Road, opp. nizam colony",9423693646
Jay Narayan Pandurang Channawar,Clothing store,Mahatma Gandhi Rd,9423437833
The Arvind Store,Clothing store,"M H No 3/5/311,312,313 & 314, CTS No.2672, G. G. Road, opp. Bank of Maharashtra",2462232789
The Raymond Shop,Clothing store,opp. KALA MANDIR GHAMODIA,2462244632
Deepak Dresses Nanded,Men's clothing store,"Shop No, 5, Mahatma Gandhi Rd, opposite Habib Talkies",9822242018
The Raymond Shop (Kannawar Enterprises),Clothing store,"The Raymond Shop, Op. Prabhat Super Market",9890966236
Geeta Garments,Clothing store,"Shop No 10 Station Road, near Marwadi Dharmshala",9403329178
Anokhi Readymades,Women's clothing store,Subhash Rd,2462234345
Fantoosh Readymade,Clothing store,"Shop No-15, Gurunanak Market, opp. Balaji Mandir",9822020508
Krazy Boutique,Women's clothing store,"Guru Gobind Singh Ji Rd, near Pawan Medicals",9325611787
Kings Collections,Clothing store,"58H3+FRC, Behind Pahenava Dresses",9175448832
Classic Designer Sarees & Dress Material,Women's clothing store,"58M4+G4C, Chaitanya Nagar Road, Below Bhagyalakshmi Bank, Raj Corner",8180088060
BHAGWATI CLOTH STORES,Men's clothing store,"48XC+PF3, Ridhi sidhi Complex",9730486561
India Dresses,Clothing store,"Shop No, Ramgadiya Complex, 2, Vazirabad Rd",9021551408
Anmol Readymade Dresses,Men's clothing store,"58J3+3Q4, Sonai Plaza, Workshop Corner",9049517431
Royal Mens Wear,Clothing store,Opp. Bhaji Mandi,8888471349
Kanha Men's Wear,Men's clothing store,"5836+CFF, Opp. Shreyas Banglore Bakery",7385064338
Vijay Cloth Center And Readymade,Clothing store,"487G+J24, Jai Vijay Complex, Main Road CIDCO",7350304236
Sanghi Cloth stores,Clothing store,Venkateshwara Apartment Bajaj Complex Vazirabad,9421756439
Kannawar Cloth Center,Saree Shop,"G G Road,Shop No 4/5 Gurunanak Market Nanded",2462231414
Shagun Readymade,Clothing store,"58H3+VJQ, Shrinagar Workshop Road",9822543093
H&F (Homme/Femme) - Readymade Garment Store,Men's clothing store,opposite Marwadi Dharmashala,7517510020
Kasual Clothing NX,Men's clothing store,"Shop No1 tiranga chowk, near SP Office",9552722137
Max Mens Wear,Men's clothing store,"Shop No 1 Nandigram Market Gandhi Putala Road, near Mahavir Chowk",9860226764
Famous Mens Wear,Clothing store,Shop No.1 Famous Plaza Kata Wala Chok,9423438001
Gadewar Collection,Clothing store,Shop No 2,9404063891
R.K Garments,Women's clothing store,beside Munjeshwar Mandir,9421842994
Ashish Garments,Clothing store,"Shop No 1 Jaju Niwas, Mahatma Gandhi Rd",9823342777
Pantaloons,Clothing store,"NANDED SQUARE MALL NANDED SQUARE MALL, SURVEY NO-63/1 AND 71 D/4 Latur-Nanded Highway, VILLAGE, Vasarni Rd",9325185562
KASUL CLOTHING,Men's clothing store,"Shop No 1, opp. Kahalekar Hospital",9850267181
Lalpotu collection,Clothing store,"Old Monda, Mahatma Gandhi Road",9422109004
Shri Venkatesh Cloth Center,Clothing store,Shastri Market,9421868874
KlassicNX Fashions,Clothing store,Tiranga chowk,8149233318
New Style Collection,Clothing store,"Shop No.B-67, Maa Godawari Enclave, opp. Mahajan Complex",9421757237
New Anjali Matching Center And Dress Material,Women's clothing store,"Workshop Rd, beside Shri Lakshmi Haryana Handloom",9403330102
Friends Collection,Men's clothing store,"5827+Q69, Vibha Tower, Vazirabad, near Multi Purpose School",9595088289
ADVIK FASHION HUB,Women's clothing store,"Shop No 1 Yerawar Complex Shree Nagar Road, near KTM Bike Store Work Shop Corner",9096129257
Siddhi Collection And Ladies Wear,Women's clothing store,Shop No 2 Near Indira Gandhi School,9960278981
GAYATRI COLLECTION,Men's clothing store,"Shop No.1 Pundlik Wadi, opp. Jain Agencies",9881860949
Janta Dresses,Men's clothing store,"5827+CJJ, Mahavir Chowk",2462235732
Spykar Factory Outlet,Casual Clothing Store,"Shop No F-31, First Floor, Nanded Square Mall, Himayatnagar",9284192677
King Club Nx,Clothing store,"5837+722, Opposite Nandigram Market, Vazirabad, near Gandhi Putla",9404660709
Chandnani Dresses,Clothing store,"48X8+WGQ, Shri Guru Govind Singhji Road",2462240664
SHITAL READYMADE AND CLOTH CENTER,Clothing store,ND 4 CIDCO ROAD MAIN ROAD SHIVAJI CHOWK,9834076803
Trendy Women's Apparels,Women's clothing store,Bhagya Nagar Road,8975176549
Imported Cloth Center,Women's clothing store,Shop No 4 Jabbar Complex Masjid E Quba,8483813733
JS Ladies Garments,Women's clothing store,Near Khandewal Complex,7588423293
Chandnani's L.k. collection,Women's clothing store,"Shop No. G-7/1st Floor 7, 8, 9, Maa Godawari Enclave Vazirabad",9403524252
Live Fashion Ladies Wear,Women's clothing store,"Shop No.5, Venkateshwara Apprment, Live Fashion Ladies Wear, opp. Jain Mandir",9011789840
Royal Cloth Center,Clothing store,"Shop No 10 . 11 Ahmed Plaza Maniyaar Galli Nanded Shop No 10 . 11 Ahmed Plaza Maniyaar, Rangar Galli",7448113710
Kavita Saree And Cut Piece Center,Women's clothing store,"48WF+W3W, Mahatma Gandhi Rd",9420141288
FASHION POINT,Clothing store,Shop No 13 Royal Cafe Main Road Bk Hall,9923211583
Shriman Men's Wear,Clothing store,"Shriman Men's wear, Beside Mantri Phataka shop,Hanuman Peth, chowk",9096668749
Om Sai Dresses And Cloth Centre,Men's clothing store,Shop No 1 Near Axis Bank Milgate Road Bhajimadi Milgate Road,9921660859
Noor Cloth Center,Women's clothing store,Shop No 1,9764122589
Jockey Exclusive Store,Clothing store,"F F -10/11, Nanded Square Mall Latur, Vasarni Rd",2462229532
ARCHANA FASHION LADIES TALAR,Women's clothing store,SHOP NO 1 RAJ RESEDENCY H SHARDA NAGAR,9657928347
Jockey Exclusive Store,Clothing store,"Zila Parishad, Shop No 2-3, Ground Floor, Sanman Prestige, Railway Station Rd",2462359726
Fantoosh,Clothing store,"5836+M2Q, Near Marvadi Dharamshala",9822490295
HUDA GARMENTS,Men's clothing store,"1, opp. SP OFFICE",9028104204
Tanishq Jewellery - Nanded,Jewelry store,"Suyash Heights Ground Floor, H. NO. 1-17-1402 VIP ROAD, VISAVA NAGAR, OPP ITI PETROL PUMP",8999056748
"Ratanlal C Bafna Jewellers, Nanded",Jewelry store,VIP Rd,2462250333
Govindraj Jewellers Shop,Jewelry store,"Opp. DYSP office, Vazirabad Rd, near Ayurvedic collage",2462245799
Sudhakar Gopinathrao Tak And Sons Dhanorkar Jewellers,Jewelry store,"2nd Branch, Sarafa Bazaar Rd",9422187365
PNG Jewellers - Nanded,Jewelry store,"Sanman Prestige Tower, Shop No-59/60, Railway Station - Bafna Rd, beside ZP Building",2462248896
Tanishq Jewellery - Nanded,Jewelry store,"Suyash Heights Ground Floor, H. NO. 1-17-1402 VIP ROAD, VISAVA NAGAR, OPP ITI PETROL PUMP",8999056748
Venkatesh Jewellers,Jewelry store,"58H3+WQP, Shri Nagar",9403068885
Payal Jewellers,Jewelry store,Guru Gobind Singh Ji Rd,9112331000
Sri Govindraj Jewellers,Jewelry store,103 Kasliwal Commercial,9404176022
Tanishq Jewellery - Nanded,Jewelry store,"Suyash Heights Ground Floor, H. NO. 1-17-1402 VIP ROAD, VISAVA NAGAR, OPP ITI PETROL PUMP",8999056748
Venkatesh Jewellers,Jewelry store,"58H3+WQP, Shri Nagar",9403068885
Payal Jewellers,Jewelry store,Guru Gobind Singh Ji Rd,9112331000
Sri Govindraj Jewellers,Jewelry store,103 Kasliwal Commercial,9404176022
SHRI DWARKA JEWELLERS,Jewelry store,"67 Durwankur Building, Ashok Nagar Rd",8888882229
Palak Jewellers,Jewelry store,opp. Sonavne medical,9112335000
Pushpa Jewellers,Jewelry store,"48WF+CXH, Sarafa Bazar",9890582611
Ramdev Jewellers,Jewelry store,"Shop No 1, Shree, Sambhaji Nagar Rd, near Kailas Nagar",8623096250
Pooja Jewellers,Jewelry store,"48WG+733, Sarafa Bazaar",2462236987
Nillawar Jewellers,Jewelry store,Sarafa Bazaar Rd,2462246115
SANJAY JEWELLERS (BODHANE JEWELERS),Jewelry store,48WG+562,9011202764
Padmavati Jewellers,Jewelry store,opp. to Mogadpalli kirana,2462245244
Shingar Jewellers,Jewelry store,Shringar Workshop Road,2462250014
Shingar Jewellers,Jewelry store,Shringar Workshop Road,2462250014
Shri Jewellers,Jewelry store,"4849+XXV, Main Rd, CIDCO Colony, Opp Indira Gandhi High School",9763081101
Tak Jewellers,Jewelry store,"Bus Stand, near Vidyut Nagar",7798627738
MANOHAR JWELERS,Jewelry store,"9, Mahajan Complex, VAZIRABAD",9405520151
Khushbu Jewellers,Jewelry store,"Shop No3, Sarafa Bazaar Rd",9028162621
Tehare Jewellers,Jewelry store,"4849+GV6, Shivaji Udyan Rd, near Hudco Stop",2462226951
Sushil Jewellers,Jewelry store,"Near Jagdamba Mata Mandir Bhojalal, Gavli Chowk",8408861111
Rajesh Jewellers,Jewelry store,"Sarafa Bazaar Rd, Hyder Bagh, Dashmesh Nagar,, Harsh Nagar",9890442229
Preetis Dagina,Jewelry store,"Guru Gobind Singh Ji Rd, Near Tarodekar Market",9420222222
Shri Vyankateshwara Jewellers,Jewelry store,"Shop No.6, opp. Essar Petrol Pump",9371809904
Priyanka Jewellers,Jewelry store,"7, HIG Colony Rd, near ITI Corner",9822837996
"Ratanlal C Bafna Jewellers, Nanded",Jewelry store,VIP Rd,2462250333
Govindraj Jewellers Shop,Jewelry store,"Opp. DYSP office, Vazirabad Rd, near Ayurvedic collage",2462245799
Sudhakar Gopinathrao Tak And Sons Dhanorkar Jewellers,Jewelry store,"2nd Branch, Sarafa Bazaar Rd",9422187365
PNG Jewellers - Nanded,Jewelry store,"Sanman Prestige Tower, Shop No-59/60, Railway Station - Bafna Rd, beside ZP Building",2462248896
Tanishq Jewellery - Nanded,Jewelry store,"Suyash Heights Ground Floor, H. NO. 1-17-1402 VIP ROAD, VISAVA NAGAR, OPP ITI PETROL PUMP",8999056748
Venkatesh Jewellers,Jewelry store,"58H3+WQP, Shri Nagar",9403068885
Payal Jewellers,Jewelry store,Guru Gobind Singh Ji Rd,9112331000
Sri Govindraj Jewellers,Jewelry store,103 Kasliwal Commercial,9404176022
SHRI DWARKA JEWELLERS,Jewelry store,"67 Durwankur Building, Ashok Nagar Rd",8888882229
Pushpa Jewellers,Jewelry store,"48WF+CXH, Sarafa Bazar",9890582611
Ramdev Jewellers,Jewelry store,"Shop No 1, Shree, Sambhaji Nagar Rd, near Kailas Nagar",8623096250
Pooja Jewellers,Jewelry store,"48WG+733, Sarafa Bazaar",2462236987
Nillawar Jewellers,Jewelry store,Sarafa Bazaar Rd,2462246115
SANJAY JEWELLERS (BODHANE JEWELERS),Jewelry store,48WG+562,9011202764
Padmavati Jewellers,Jewelry store,opp. to Mogadpalli kirana,2462245244
Shingar Jewellers,Jewelry store,Shringar Workshop Road,2462250014
Shri Jewellers,Jewelry store,"4849+XXV, Main Rd, CIDCO Colony, Opp Indira Gandhi High School",9763081101
Tak Jewellers,Jewelry store,"Bus Stand, near Vidyut Nagar",7798627738
Rajesh Jewellers,Jewelry store,"Sarafa Bazaar Rd, Hyder Bagh, Dashmesh Nagar,, Harsh Nagar",9890442229
Preetis Dagina,Jewelry store,"Guru Gobind Singh Ji Rd, Near Tarodekar Market",9420222222
Shri Vyankateshwara Jewellers,Jewelry store,"Shop No.6, opp. Essar Petrol Pump",9371809904
Priyanka Jewellers,Jewelry store,"7, HIG Colony Rd, near ITI Corner",9822837996
DOIPHODE JEWELLERS,Jewelry store,"5827+R3V, Khandelwal Plaza, Besides King's Collection",2462236919
Faaz Jewellers,Jewelry store,"58H3+RMC, Beside New Tanvi Jewellers, Nizam Colony, Shrinagar Road",9011122297
SHRI DWARKA JEWELLERS,Jewelry store,"67 Durwankur Building, Ashok Nagar Rd",8888882229
Tak Jewellers,Jewelry store,"Bus Stand, near Vidyut Nagar",7798627738
Khushbu Jewellers,Jewelry store,"Shop No3, Sarafa Bazaar Rd",9028162621
DOIPHODE JEWELLERS,Jewelry store,"5827+R3V, Khandelwal Plaza, Besides King's Collection",2462236919
Faaz Jewellers,Jewelry store,"58H3+RMC, Beside New Tanvi Jewellers, Nizam Colony, Shrinagar Road",9011122297
Anand Jewellers,Jewelry store,48WG+584,9850305030
Shyam Jewellers,Jewelry store,"Barki Chowk, Sarafa Bazaar, Arab Galli Rd",2462235805
Venkatesh Jewellers,Jewelry store,"48VW+5G3, Pasdaganvakar Complex, Shikarghat Road, Wajegaon",9960707568
D.S.Soni Jewellers,Jewelry store,Purna Rd,9890442229
Zeenat Jewellers,Jeweler,"Nizam Colony, Workshop Road",9545332211
Royal Sweets,Sweet shop,Narahri Complex,9096323999
Maharashtra Sweets & Bakery,Sweet shop,"582J+JJR, Main Road",8983839991
Khandelwal Sweet Mart,Sweet shop,"48XC+53H, Mahatma Gandhi Road, Chowk",9503377373
Gokul Sweet Mart,Sweet shop,"5865+P2V, Opp. People High School",8600106045
Chappan Bhog Sweets,Confectionery,near Chhatrapati Shivaji Maharaj Statue,9561628147
New Balaji Sweets,Sweet shop,"5846+65J, Khiyani Building, Opp. Prabhat Talkies, Station Road",9503084915
Chitale Xpress - Nanded,Sweet shop,"H.No.1, 17-347, Yeshwant College Rd",9225703921
Shri Bikaner Chappan Bhog Sweets,Sweet shop,5846+35P,7775903339
Royal Sweets,Bakery and Cake Shop,Shop No 1 Opp Balaji Mandir Old Monda Nanded Monda,9096323999
Ansh Ambika Sweets & Shrey's Bakery,Sweet shop,"Shop No. 6/7, N.M.C. Complex, Railway Station Road, Gokul Nagar",9028904545
Mahaveer Bikaner Mishthan Bhandar,Sweet shop,"5827+JCV, Near Multi Purpose High School",9860856522
Maruti Sweets & Namkeen,Sweet shop,"Shop 25, Gokul Complex, Main road, Cidco",7875680005
Shri Tiffins Snacks & Sweets,Sweet shop,"58G3+PGJ, Govindraj Apartment, Shrinagar, near Panchsheel Dresses",7588086825
Mahalaxmi Sweets,Sweet shop,Bhagya Nagar Road,9225703921
Shri Kheteshwar Bikaner Sweet Mart,Sweet shop,"58J3+6QQ, Workshop Rd, beside National Hardware Centre",9975737083
Mahalaxmi Sweets,Sweet shop,Bhagya Nagar Road,9225703921
Shri Kheteshwar Bikaner Sweet Mart,Sweet shop,"58J3+6QQ, Workshop Rd, beside National Hardware Centre",9975737083
Nanded Sweets,Bakery and Cake Shop,"Shikarghat Road Shop No 1, opp. Perfect Mobile",9623893737
Bhagvati Bikaner Mishthan Bhandar,Sweet shop,"5855+34C, Kala Mandir, Bus Stand Road",8087501410
Jai Har Har Mahadev Khava Centre & Sweet Mart,Sweet shop,"Mahatma Gandhi Rd, opp. Balaji Mandir",9422172522
L.S.B. Sweets & Bakers,Sweet shop,"582J+HHV, Madina Nagar Circuit, Opp Fatima Complex, Degloor Naka",9595048748
Shree Maa Sati Bikaner Sweets,Bakery and Cake Shop,Shop No 03 Shivaji Chowk Main Road Cidco,8094461007
New Maharashtra Sweet & Namkin,Sweet shop,"Shivaji Nagar, opp. Police Station",9860072089
Delhi Bakery,Sweet shop,"Chowk Bazar, near Markaz Masjid",8007590786
Sameer Sweets,Dessert shop,"Atai Galli, Shop No 1 Maniyar Road, Atai Galli",9975675238
Swiss Bakery & Sweets,Bakery and Cake Shop,"Workshop Rd, below Rathod Coaching Classes",9970099703
GANESH SWEETS AND SNACKS,Bakery and Cake Shop,Shop No 1 Sai Complex Anand Nagar Chowk,9595322077
Shri Chappan Bhoug Sweets,Sweet shop,"48X9+6P5, Juna",7028006108
Sri Balaji Sweets And Bakery,Bakery and Cake Shop,"Vishnu Complex, Shop No. B-7, VIP Rd",9011747728
Prasad Sweets,Food products supplier,opposite to Balaji Mandir,9922594446
SAI SWEETS & COLDDRINKS,Bakery and Cake Shop,"SHOP NO 1 CANAL ROAD, opp. K M PATIL SCHOOL",8805945112
SHIVPARVATI SWEETS AND BEKARY,Bakery and Cake Shop,"Shop No 1 Jagrat Complex, near Mor Chowk Mor",9604451174
New Kheteswar Bikaner Sweet Mart,Sweet shop,"58F8+37C, Anand Nagar",7276332985
HKGN Maharashtrawala Bakery And Sweets,Bakery and Cake Shop,"Shop No, 01, Waghi Rd",9921791215
SHIVPARVATI SWEETS AND BEKARY,Bakery and Cake Shop,"Shop No 1 Jagrat Complex, near Mor Chowk Mor",9604451174
New Kheteswar Bikaner Sweet Mart,Sweet shop,"58F8+37C, Anand Nagar",7276332985
HKGN Maharashtrawala Bakery And Sweets,Bakery and Cake Shop,"Shop No, 01, Waghi Rd",9921791215
HKGN BANGALORE BAKERY & SWEETS,Cake shop,Shop No 1,9579212298
Madina Sweets Center,Restaurant,"Shop No 1 Peer Burhan Nagar Rd, Gali No 1",9970972124
Anil Confectionery,Confectionery wholesaler,"Shop No. 1,2, K.K. Complex, near Lalwani Petrol Pump",8888940950
जय आईमाताजी बिकानेर स्वीट मार्ट,Sweet shop,शिव मंदिर जवळ,7620313869
Joshi Grihudyoug,Sweet shop,Sanman Tower,9422172849
Tirumal Sweets And Bekers,General store,"Shop No. 1 Near Maharana Pratap Staut, Cidco Rd",8087313179
Khandelwal Restaurant,Sweet shop,"Sharda Talkies Road, Juna Mondha",9028444634
Shrew Samarth Bikaner & Sweet Mart,Sweet shop,57PR+CW8,9881698631
Sweetness Cake HOUSE,Sweet shop,Nabha Sudha app,9209350470
BASANT BAKERY & SWEETS,Bakery and Cake Shop,Shop No 1 Near Shetkari Chowk Taroda Naka,8793135926
Vaidehi Foods Snacks And Sweets,Sweet shop,"57HP+QW5, Bala Saheb Thakre Chowfala, Farande Nagar, Pawadewadi Road",9145066682
BASANT BAKERY & SWEETS,Bakery and Cake Shop,Shop No 1 Near Shetkari Chowk Taroda Naka,8793135926
Vaidehi Foods Snacks And Sweets,Sweet shop,"57HP+QW5, Bala Saheb Thakre Chowfala, Farande Nagar, Pawadewadi Road",9145066682
Tirupati Sweets Bakery And Daily Needs,Bakery and Cake Shop,"Shop No, 3, Nanded Malegaon Rd, opp. SBI Bank",9112740082
TIRUMALA SWEET NAMKEEN BAKERS,Bakery and Cake Shop,Shop No.1 Daule Cornor Cidco Nanded Cidco,8788766990
Haryana Special Jalebi,Sweet shop,"486F+3FW, CIDCO Colony",9763066987
New Jam Jam Sweets,Bakery and Cake Shop,"Shop No 4 Zam Zam SweetsDegloor Naka, Maltekri Rd, opp. Aziz Plaza",9970463291
New Pakeeza Sweet House,Bakery and Cake Shop,Shop No 3,9890821289
DELHI SWEETS BAND BEKARI,Market,Shop No 1 Mor Chowk,8145486968
Venkateshwara Khawa Sweet Cornor,Bakery and Cake Shop,"Shop No. 1, near Balaji Mandir",9975307520
Har Har Mahadev Doodh Bhandar And Sweet Mart,Dairy store,"Shop No 4, Workshop Corner, Bhaiyya Yadav Complex, behind Kendre Chaha",9860484349
Shugar Candy And Popcorn Shop,Ice Cream,"Shop No 7, Get, Railway Station Rd",8485866100
Swiss Bakery,Bakery and Cake Shop,opp. Jain Mandir,9970099703
Shivkrapa Pan Shop And Coldrink,Sweet shop,"Shop No, 1, Nanded Malegaon Rd",9673165000
The Bliss Desserts And Pastries,Dessert shop,"Shop Number 1 Jyoti Talkies Road Industrial Area, beside yamaha showroom",8605904635
Sweet Memories Ice Cream Parlor,Cafe,"58Q7+8CR, Sumaiyya Nagar Rd",9921199638
Banglore Shreyas Bakery,Bakery and Cake Shop,"Workshop road,kailashnagar, near sonawane Medical",9370050004
SAGAR HOTEL SWEETS & UPHAR GRAH,Tea store,"Shop No 1 Near T N M CO BANK ,SHIVAJI CHOWK Cidco, Cidco Rd",7887946826
Sayyed Sweet Mart,Store,"Shop No, 1, Itwara Bazar Rd",7666895373
Sainath Uphar Grah,Sweet shop,"488V+XP5, Chanda Singh Corner, Hyderabad Road, M.I.D.C",9823191435
Jodhpur Misthan Bhandar,Bakery and Cake Shop,"Shop No 3,ravi Nagar Road Kotha",8669393560
Sukharsh Coldrink & Ice Cream,Bakery and Cake Shop,"Shop No, 1, Gurudwara Rd",9373666663
Maharashtra Sweet And Namkin,Restaurant,Shop No 4 Near Kabde Hospital Tehra Nagar,9970770138
Shri Khandelwal Sweets & Bekers,Bakery and Cake Shop,Shop No1 Taroda Taroda,9371430000
7th Heaven Nanded,Bakery and Cake Shop,"Subhash Road, beside City Centre",7774077785
Bikaner Mishta Bhandar,Bakery and Cake Shop,Shop No.1 Lothar I Complex Main Road,9673333300
7th Heaven Nanded,Bakery and Cake Shop,"Subhash Road, beside City Centre",7774077785
SHIV SHAMBHU Sweet Bakery and Daily Needs,Bakery and Cake Shop,"Shop No, Chhatrapati Chowk to Kabra Nagar Rd",7758001443
Ambika Daily Needs,Dairy store,"Shop No.1 Nath Nagar, near Namskar Chowk",9028065177
Popular Baker's,Bakery and Cake Shop,"Abdul Hameed Complex, Opp. Eidgah Kaman, Tyre Board Chowrasta, Hyderabad Road",9860070384
THE CHOCOWAVES,Chocolate shop,"Baba Deep singh ji Colony, Bhagat singh road, Nanded, Maharashtra 431601, India",9890344866
Glamour ice cream,Ice Cream,"Maltekdi Rd, opp. I.T.I Collage",8007000427
Bangalore Shreyas Bakery,Bakery and Cake Shop,near Hanuman Mandir,9370050004
Radhekrishna Dudh Bhandar,Bakery and Cake Shop,"Shop No 1 Anand Nagar Road, near Kolhapuri Saj",9579717952
DILDAR CONFECTIONERY,Supermarket,"Shop No, 1, Ganga Nagar Rd",9860179882
Madhav Jangewad,Cake shop,"Shop No 1, near Raj Moll",7620710862
SAHARA MILK HOUSE,Bakery and Cake Shop,"SHOP NO 1 NAI AABADI BACK TO MASJID, Guru Gobind Singh Ji Rd",9689565689
Dr. Ram Gundre Clinic,Doctor,"Vishal Nagar Stop, wadi road",7588581662
GANGA CLINIC,Doctor,"Dr.Ratnadeep Gacche,Ganga Clinic,Narayan Nagar,Apposite Arvind Nagar",9172973668
"Dr Swapnil Babuappa Kankare MD,DNB (Gastroenterology), MNAMS",Gastroenterologist,"Abhyuday Lifecare Superspeciality Institute, 42, near Annabhau Sathe Chowk",9545656683
Sanjivan Clinic,Doctor,"58FF+322, Railway Station Rd",9850290206
Dr. Pramod dhonde | Best Neurologist in Shivaji Nagar Nanded,Neurologist,Dr. Pramod dhonde Shivaji nagar,9873375230
Dr. Sameer Kotalwar | Best Pulmonologist near me Drs lane Nanded,Pulmonologist,"New Life Multispeciality Clinic, jawalekar sankul Drs lane, beside karmveer hospital",9766269144
DR.SANTOSH JATALE,Doctor,Vasarni Rd,9404894980
Life Clinic,Medical clinic,"48VG+F6M, Arab Galli, near Darbar masjid",8793739308
Dr. Manisha Jadhav's,Doctor,"More Chowk, Kabra Nagar Rd, near Water Filtration Plant",9518539399
Deshmukh Hospital,Doctor,"Itwara Road, Near kela Market, near Solanki Brothers",8806626777
Sri Balaji Hospital,Doctor,"Chikhalwadi Corner, near Forest Office",2462247576
Joshi Hospital,Hospital,"Shivaji Nagar, Wadia factory compound",2462231940
"Dr Santosh Malpani, United Diabetes and Endocrine Clinic",Diabetes center,behind Kalamandir,2462240197
Shradhha Clinic,Medical clinic,"431601, beside Vijay medical",2462284077
MORYA DENTAL AND CHEST CLINIC,Doctor,"5855+F6G, Doctor Ln Rd",8554990383
JOSHI SPECIALITY CLINIC,Medical clinic,"21st century hospital, beside SBI bank",8237857803
Kaya skin care clinic,Doctor,"Sanman Prestige Tower, Railway Station Rd",9673166998
Indira Clinic Dr Swati Bhalerao,Women's health clinic,Vishnu Complex,9822209045
Toshniwal Chest Hospital Maternity And Nursing Home,Doctor,"Ghamodiya Factory Area, Vazirabad Main Road",2462241198
Ramesh ENT Hospital,Otolaryngology clinic,"FIRST FLOOR,DOCTOR'S PLAZA, Doctor Ln Rd",2462239781
Dr Amol Nagargoje,Dermatologist,"Infront of Ashwini hospital, Wadia factory area, Guru Gobind Singh Ji Rd",7710880608
ADINARAYAN MEDICARE PVT LTD,Hospital,TOWN MARKET AREA NEAR ANNABHAU SATHE CHOWK BESIDES ANKUR HOSPITAL -431602,8605290212
"Dr Mukesh Malu : Orthopedic surgeon in Nanded | Arthroscopy ,arthroplasty ,knee hip replacement , spine surgery",Orthopedic surgeon,"5855+88, 21st Century Hospital, Doctor's Lane No. 2, beside State Bank of India",9744448538
Laxmi Clinic,Medical clinic,"Saubhadra Mangal Karyalay, Chowk, opp. Shiv Mandir",9423140310
Jinture Ayurved Clinic,Ayurvedic clinic,near BhagyaLaxmi Bank,7620180697
Shree Varad Homoeopathic Clinic,Medical clinic,"Omsai Apartment, Bhagyanagar",9890298979
Dr. Pankaj Rathi | Neurologist | Nanded,Medical clinic,Narayana Super Speciality Hospital,8766934943
"Dr Batra's Homeopathy, Hair & Skin clinic",Homeopath,"Vazirabad, 2-11-501, CTS NO. - 15663 Goverdhan Ghat Road , Dilipsingh Colony , Nanded Waghala, opp. Farande honda showroom",7045000666
"Dr. G N Bandari, Hand Surgeon, wrist and Micro surgeon, Nanded",Hand surgeon,"Dr Rajendra Patil physiocare center, wadia factory area",8406840609
Dr. Sanjay Padalwar | Best Internal medicine ward in Khadakpura Nanded,Internal medicine ward,Doctor Ln Rd,9545492000
Dr. Parminder kumar singh | Best Cardiologist in Khadakpura Nanded,Cardiologist,Doctor Ln Rd,8450933888
"Rushikesh Endocare Superspeciality Centre for Diabetes,Thyroid and Endocrine Disorders",Endocrinologist,"Doctors Ln Rd, in front of hotel Ramkrishna international, near nirmal hospital",9404105050
Dhondge Hospital,Obstetrician-gynecologist,"5863+VQ6, Shivaji Nagar, near Hanuman Mandir",2462246912
"Madhavbaug Heart & Diabetes Clinic, Vazirabad Nanded",Medical clinic,"near Bank of Badoda, above Godavari Urban Bank",7507571122
Patel Clinic,Medical clinic,"58Q8+6GG, near R R Medical Store",7276144034
Dr.Pooja Bhosle's Arjun skin clinic,Skin care clinic,"Arjun Skin Clinic,(Dr.Pooja Bhosle.MBBS,DDV) Sanman Prestige,43'ground Floor Besides jilha parishd, Railway Station Rd",9284057920
Chinnawar Pathology Laboratory & Skin Clinic,Pathologist,"63,Near Manathkar Clinic,, Ghamodia,, Doctor's Lane,",2462239949
Mane Skin Care & laser clinic,Doctor,"Doctors Plaza, Lotus hospital building",9763632200
NAGUR INFRA PVT.LTD.,Civil engineer,"Shop no 16,Gurusingh Market,Shyam Talkies",9552743427
"TCT Associates, Architectural and Civil Consultant",Civil engineer,"Shop no.3, Hyd Road, near Ayan Tower",8143533540
Perfect fabrication engineering welding works,Metal fabricator,opposite MF Honda Showroom,8087501506
Perfect Enterprises,Mechanical engineer,"48JP+WC3, Latur Road, Dhanegaon",9422173613
Shri Guru Gobind Singhji Institute of Engineering and Technology,College,"476R+XXP, Guru Tegh Bahadurji Marg",2462269234
RMR Engineers,Real Estate Builders & Construction Company,57PR+QVV,2462265559
New way Architect & Engineers.,Architectural designer,"Near, Besides of axis bank ATM kela market chourasta, Mohammed Ali Road",8888588528
ADBHUT INNOVATIONS (Government Electrical Contractor),Electrical engineer,Bishan complex,9168337195
CESS Consultants & Architects,Architect,"Shop No. 4, M. K. EMPIRE, VIP Rd, behind Deccan Furniture",8237245673
Chandrasekhar Nilkantharao Kurhe,Structural engineer,"Vishnu Complex, B-22, Vishnu Complex, Opp I.T.I",9422170032
MT CONSTRUCTION,Real Estate Builders & Construction Company,"Infront of Panchashil highschool, First Floor, Patange house Near Y point, Ganesh Nagar Rd",7057922777
Narsinha Engineering Works,Manufacturer,E35,9960190080
Kalyan Engineering Works,Mechanical engineer,"Shop No. 22, Beside Mahalakshmi Automobiles, Hingoli Gate",7720001222
AAKAR Associates,Engineering consultant,"C-21, Vishnu Complex, Opp. Taj Patil Hotel, I.T.I, VIP Road",9822960772
Vishal Engineering Works,Mechanical engineer,"Shop No.18, Guruteg Bahadur Market, Hingoli Gate",9420709282
MUBI ASSOCIATES,Structural engineer,"Raj Mohammed Complex, 308",9930742183
Gramin College of Engineering,Technical school,"Gramin polytechnic, near SGGS college",2462229900
P.M. Engineers & Contractor,Engineer,"57RX+66X, Bhawasar Chowk, Malegow",9822211283
National Reboring Works,Mechanical engineer,"5858+QHX, opposite Perfect Radium",9823326890
Dimensions,Engineering consultant,"S-5, M.K Empire, VIP Road, Visawa Nagar, opposite Telephone Office",9422172883
Shree Ganesh Engineers,Manufacturer,"plot No.t, 80",9890030081
Vijay Engineering Services,Pipe supplier,"58H5+5CC, Mahalakshmi Complex, Uday Nagar, Bhagya Nagar Road",9422870371
Mastan Engineering & Electrical,Electrical engineer,"585C+CPC, Behind Ridewell Hero Agency, Hyderabad Road",2462233218
"S.R.ASSOCIATES,Architect & Civil Engineer",Corporate office,"9, Degloor Naka Rd",8149710830
Shri Mahalaxmi Fabrication And Engineering Workshop,Fabrication Engineer,"Shop No.44, Opp. Shakti Nagar, Bala Mardane Market, Baghar Line",8007355335
MD Civil & Structural Engineer,Real Estate Builders & Construction Company,"Plot No. 34, Khandoba Chowk, Sai Park, Shiv Rd, near Balaji Chips Godown",9766911877
Ashok Engineering And Fabrication,Fabrication Engineer,"488V+9QP, Chanda Singh, Hyderabad Road",9527665505
Creative Structures Engineering Pvt Ltd,Manufacturer,"475Q+WP9, near Horizon International School",9225750138
AM Architects,Architect,"Raj Mohammed Complex, Block No.6 & 7 Underground",8007070705
Pioneer Planners,Architect,"D-6, Vishnu Complex, V.I.P Road",2462250619
Siddiq Engineering & Fabrication Works,Real Estate Builders & Construction Company,"48GG+7QV, CIDCO Road, Doodh Dairy Cross Roads, opp. Hanuman Temple",9011203754
Matoshri Pratishthan Group of Institutions,Engineering school,"37Q3+QQJ, Jijau Nagar, Latur Nanded Highway, Khupsarwadi, Post",8600406951
Naturral Designs Architects,Architect,"Mahalakshmi Complex, behind Vijay engineering works, Bhagya Nagar Road, near prestige showroom",9923418241
Nageshwar Associates,Architect,"Near Anuradha Palace, Bafana Road, Venkatesh Nagar",9637881309
Moin Engineering Works,Small engine repair service,"584F+HR4, Opp. Kapus Sanshodhan Kendra, Hyderbad Road",9049449018
Maa Vaishnavi Medical And General Stores,Drug store,"3, Ground Floor, Sai Bhavan, Bhagya Nagar Road, near New Rajesh Hotel",9011122777
Lokmanwar Medical,Pharmacy,"5879+F2V, Town Market, New Mondha, opp. Vidut Bhavan",9822026750
Guru Medicals,Pharmacy,"2, Shri Complex, Doctor's Lane",2462234553
New P.K.Mogadpalli Medical Stores,Pharmacy,"Maniyar Galli, Chowk Bazar",2462231385
Madhu Medical & General Stores,Pharmacy,"5883+RV3, Mahatma Phule Market, Ganesh Nagar Road",9823111002
Pabitwar Medical,Pharmacy,"Shop No, 1, Mahatma Gandhi Rd",8329814057
Toshniwal Medical Pharmacy,Pharmacy,"BALAJI TOWER, near SBI BANK Dava India",2462249444
Ishwar Medical And general Stores,Pharmacy,"Shop No.10, Parsi Anjuman Shop, Vazirabad",2462241185
M/s Tulsi Medical,Pharmacy,"1st Floor Sanman Prestige, Railway Station Road, near Zilla Parishad",2462232677
M/S. Pavan Medical Hall,Pharmacy,"5845+CH7, Vazirabad, opp. Ayurvedic College",8482882114
Pawde Medical Agency,Pharmacy,"OPPOSITE MAHATMA PHULE MARKET ITI ROAD, Guru Gobind Singh Ji Rd",2462250835
Lahoti Medical & General Stores,Pharmacy,"5855+HGR, Govind Raj Complex, Doctor Lane",9850300585
Shri Sanjay Medicals,Pharmacy,Mahatma Gandhi Rd,9421291499
Vijay Medical And General Stores,Pharmacy,"58C8+V7R, Anand Nagar Road, Vasant Nagar",9423438605
Modern Medicals,Medical supply store,"Shivaji Nagar Nai Abaadi,",7218612333
Gyatri Medicals,Pharmacy,5836+JVV,2462245273
Shri Ganesh Medical & General Stores,Pharmacy,"5855+HJ3, M/s Purwa Ganga Complex, Dr. Lane, near Dr. Narlawar Hospital",8275939662
Shri Balaji Medical Agencies,Medical supply store,"5874+R72, Guru Gobind Singh Ji Rd, near Uma Executive Hotel",9595919883
Giriraj Medical & General Stores,Pharmacy,"58GG+C2F, Near Shobham Function Hall, Hingoli - Kalamnuri - Nanded Rd",9021214668
Nice Medical Hall,Pharmacy,"Khoja Colony, Sai Nagar, Mafco Road",9421291221
Soni Medicals,Pharmacy,"Lahoti Complex, near Prabhat Talkies",9422170297
Shiva Medical Stores,Drug store,Lumbini Complex,9421756384
Toshniwal Medicals,Drug store,"6, Shri Complex, opp. Patil Hospital",9890766201
CITIZEN MEDICALS,Pharmacy,"Gulzar bagh Street no. 6, Tipu Sultan Rd",9834498387
M/S Kotalwar Medical's,Pharmacy,"Akash Netralaya, Satyabhama Complex, Railway Station Rd, near Mahesh Optical",2462232524
INDIA MEDICALS,Pharmacy,"Shop No, 1, Mohammed Ali Road, opp. Friends Pan Shop, beside Evergreen Hotel",8793131231
Hindustan Medicals,Pharmacy,"Rahman Chawalwala Complex, opp. SBH BANK",9823219019
Venkateshwara Medical,Pharmacy,"5825+PJF, Borban Factory",9623979794
Toshnival Medicals,Pharmacy,"6, Sri Complex, Dr.Lane, near Yashoda Hospital",2462242692
Aslam Medicals,Pharmacy,"48WG+MQ2, Maniyar Galli, Old Ganj",9890847880
Shubham Medicals,Pharmacy,"Hingoli Gate, Ashraf Nagar",7709216729
Sai Shraddha Medicals,Pharmacy,"5855+HF5, Toshniwal Hospital, Ghamodia Factory Area, Doctor Lane",9881133775
Supreem Medicals,Pharmacy,"Shop No.18, Mahatma Phule Market, ITI Road",2462256898
Bharat Medical World,Pharmacy,"48WG+V2V, Mumtaz Tower, Itwara Corner, Chowk Bazar",9021444493
Shri Sudhir Medical & General Stores,Pharmacy,"48R4+PRX, Kakde Corner, Ram Nagar, Guna Kotha",9657250612
Manoj Medical Stores,Medical Center,"5887+G2J, New mondha, Vishnu, Asra Nagar Rd",9403004702
Unique medical and general store,Medical Center,near adarsh vidyalaye,9890331418
Choudhary Medicals & General Stores,Pharmacy,"5827+W2M, Subash Road, Vazirabad",2462231546
Siddhi Medicals,Pharmacy,"58H4+53R, Near PM High School",9011144421
Jai Maharashtra Medical,Pharmacy,"5863+HP4, Old Shifa Building, Shivaji Nagar",9881078829
Uttarwar Medicals,Pharmaceutical Products Wholesaler,"5824+JWX, Uttarwar Complex Ghamodiya Compound, Doctor's Lane",2462245370
Shree Puja Medicals,Pharmacy,"5854+6JV, Mill Road",9923448385
24 Hr Medical And Cosmetics,Pharmacy,"Shahaji Markit, Shivaji Nagar Main Road, Gokul Nagar, Nanded, Maharashtra",8888888211
Bharat Medical Naseem Tower,Medical Center,Degloor Naka Rd,9763333103
Giri Balaji Medical Stores,Pharmacy,"Dr.D.D Joshi Patodekar Hospital, Near Bhagya Lakshmi Bank, Bandh Singh Market, Chikhalwadi",9421766491
Oza Medical Stores,Medical supply store,"Lahoti Complex, Railway Station Rd",2462239805
Swastik Medical & General Stores,Pharmacy,near Bajaj Hospital,9921300022
Omkar Medico,Pharmacy,"5863+HQM, Guru Gobind Singh Ji Rd",8657867551
Shivai medical store Hudko Nanded,Public medical center,Nanded Hudko,7758988424
Lenskart.com at Vazirabad,Optician,"Guru Ganesh Heights, Shop G 1, opposite Ayurvedic College and Hospital",8929355096
Mahesh Opticals,Optician,"Shop No.2, Satyabhama Complex, Doctor Ln Rd",9011626422
Titan Eyeplus,Optician,"Kala Mandir, Opp. Kalamandir, Bus Stand Rd",18004199110
Diamond Opticals,Optical Wholesaler,"48X8+WH3, Opposite Syndicate Bank, Guru Gobind Singhji Road",8087544295
Gundawar Optical,Optician,"9, opp. Kala Mandir",9765444404
NAIN OPTICAL,Optician,"Shop No 7 Oppo Karmveer Hospital, Doctor Ln Rd",9284864410
Gaurav Optical Shop,Optician,"Raj Corner, near Besides Sushen Medical",9657291908
Vijay Optical Shop,Optician,"GG Road Balaji Mandir, near Balaji Mandir",9860631992
guru Optical,Optician,"Shop No 1 Umrekar Maltispeshaliti Hospital Main Road, Doctor Ln Rd",9850122427
Roshni Opticals,Optician,"Mamidwar Complex, Tulsi Hospital, Kalamandir, Doctor Lane",9850103325
Joyti Optical,Optician,"Shop No 1, Near, Mahavir Chok",9890957387
Om Sai Opticals,Optical Wholesaler,"5875+9MR, Opp: Jyoti Talkies",9175711255
Royal Optical,Optician,"58H3+X6G, Opp. Lions Eye Hospital, Workshop Corner, Jungle wadi Road, Nizam Colony",9850038958
SHREE OPTICAL,Optician,"Shop No, 1, Nanded Malegaon Rd, in front of Sawli Bar Restaurant",9890270975
Balaji optical,Optician,"4839+6XG, Unnamed Road",7350934093
Kiran Optical,Optician,"Rachwad Complex, Railway Station Rd, opp. Rehman Hospital",9890210389
SHREE KRISHNA OPTICAL AND FITTING CENTRE,Optician,"Shop No 1 Near Sanman Prestige, Main Road, Doctor Ln Rd",9975409022
Pranav Optical,Optician,"5855+758, opp. Bokaro Hospital",9822817971
Yash Opticals,Optician,"5855+2FV, opposite Yashoda Hospital",8625083833
Kiran Optical,Optician,"Rachwad Complex, Railway Station Rd, opp. Rehman Hospital",9890210389
Pranav Optical,Optician,"5855+758, opp. Bokaro Hospital",9822817971
Yash Opticals,Optician,"5855+2FV, opposite Yashoda Hospital",8625083833
ASHTURKAR OPTICAL,Optician,Shrinagar,9921597923
Shri Balaji Optical,Optician,Doctors Plaza,9850061138
Viraj Opticals,Optician,"Doctor Lane, Chanawar Complex, Doctor Ln Rd",8446810822
Sachin Optical,Optician,VIP Rd,7028861433
Omkar opticals,Optician,"Shop No. 1, Uttarwar Complex",9975126403
SHIVALAY OPTICAL,Optician,Shivalaya Optical,8446308023
SAIRAJ ENTERPRISES,Optician,"SHOP NO A3 SHIR KRUSNA MARKET CHATRPATI CHOWK, Purna Rd",8698487209
Sai optical gallery,Optician,opp. Kalamandir,8830163419
UNIQUE OPTICAL CENTER,Optician,Shop no 1 kabara pathology besides vazirabad,9156077811
Shree Mauli Opticals,Optician,"Doctor Patani Complex, opposite Kalamandir",8888889313
New Aryan Opticals,Optician,"5855+HPH, Doctors Lane, beside Anikate Dr. Karamveer",2462236315
Rushika optical Shop,Cell phone store,Shop No1 Sham Talkies Nrar G G Road Sham Talkies,9730439563
Shivraj Opticals,Optical Wholesaler,"5868+JPG, Near Hingoli Gate, Ashraf Nagar",9096555236
Shree Mauli Opticals,Optician,"Doctor Patani Complex, opposite Kalamandir",8888889313
New Aryan Opticals,Optician,"5855+HPH, Doctors Lane, beside Anikate Dr. Karamveer",2462236315
Shivraj Opticals,Optical Wholesaler,"5868+JPG, Near Hingoli Gate, Ashraf Nagar",9096555236
Sambhaji Optical The Symbol Of Complete Family Eye Care,Optician,"Bus Stand, Shop No2 Dotar Line",7709288111
Ahir Optical,Optician,opp. Ayurvedic College Gate,9420849104
Sri Lakshmi Opticals,Optical Wholesaler,"5868+PR3, Near Railway Underbridge, Doctor Sharma Hospital, Hingoli Gate",9960227813
Shri Sai Opticals,Optical Wholesaler,"58P2+H6V, Beside Sai Hospital, Zilla Parishad Colony, Malegaon Road",8888106653
Subhash Optical,Optician,Shop No 1,9172233546
Rokdeshwar Optical,Optician,"Shop No, 1, Purna Rd, opp. Pawde Mobile",7620321572
Swami Samarth Optical,Optician,Dayma Complex,9403003132
Saipuja Optical,Optician,Shop No 1,9420416022
Paradaise Optical,Cell phone store,"04, Gali No 03",8554812214
Rokdeshwar Optical,Optician,"Shop No, 1, Purna Rd, opp. Pawde Mobile",7620321572
Swami Samarth Optical,Optician,Dayma Complex,9403003132
Saipuja Optical,Optician,Shop No 1,9420416022
Patil Opticals,Optician,Banalikar Hospital,9850737454
NANDINI OPTICALS,Optician,"SHOP NO 3 KAVITA NIWAS, Purna Rd",9552147931
Loines Eye Hospital Opticals,Optician,Shop No 1 Main Road Jangmawadi Nanded Jangamwadi,9763001883
Disha Opticals,Optical Wholesaler,"5855+G37, Mamidwar Complex, Doctor's Lane, opp. Ashvini Child Hospital",9270714060
Mujju Optical,Store,"Tarodekar Complex, Shop No 1 Tarode Kar Chambar, Near, Main Road",9324833738
Vibute Opticals,Optician,Anna Bhau Sathe Chowk Anna Bhau Sathe Chowk,9767703501
King Optical,Optical Wholesaler,"Opposite Lions Eye Hospital, Jangamwadi, Near Work Shop",9028121114
Divya Optical,Optical Wholesaler,"Near ATM, Kranti Chowk, Cidco",9764064358
Wase Opticals,Optician,"Shop No.1, near by Nanded",9834517313
Apsara Mobile Shop And Optical,Cell phone store,"5837+96F, Beside Masjid-E-Khadeem Eidgah, Gandhi Putla",9011172269
Andhare Sun Glasses,Optician,"Shop No, 1, Nanded Malegaon Rd",9970793966
Divya Optical,Optical Wholesaler,"Near ATM, Kranti Chowk, Cidco",9764064358
Apsara Mobile Shop And Optical,Cell phone store,"5837+96F, Beside Masjid-E-Khadeem Eidgah, Gandhi Putla",9011172269
Deep Optical,Optical Wholesaler,"5854+8WR, Raghuvendra Complex, Doctor Lane, Bus Stand Road, beside Bannalikar Hospital",9156411334
New Royal Opticals,Optical Wholesaler,"Beside Quba Masjid, Hyder Bagh Road",7350494959
Anil Optical,Optician,"Sahyog Chamber, Workshop Road, Shree Nagar",9921131645
Eye Zone Opticals & Eye Hospital,Optical Wholesaler,"476Q+CJM, Shyog Complex, Below State Bank of Hyderabad, Vishnupuri, opposite Shaskiya Hospital",9730831999
Taj NX,Optician,"Babu Seth Shop 1, Railway Station Rd, near Spice Veg Restaurant",8999644783
SWARA OPTICALS,Optician,"Shop No 1 Near Lotus Hospital Main Road, Doctor Ln Rd",7058224358
Shree Laxmi Opticals,Optician,"Sharma Hospital, Hingoli Gate Flyover",9604524344
R.N. Optical,Optical Wholesaler,"5855+C84, Opp. SBI Bank, Devashish Complex, Doctor Lane",7774001177
Arav Glasses,Optician,"Shop No, 1, Nanded Malegaon Rd",8975914189
Anjali Opticals,Optical Wholesaler,"58M3+JMQ, Opposite Sushain Medical, Raj Corner, Purna Road",9960708734
R.N. Optical,Optical Wholesaler,"5855+C84, Opp. SBI Bank, Devashish Complex, Doctor Lane",7774001177
Anjali Opticals,Optical Wholesaler,"58M3+JMQ, Opposite Sushain Medical, Raj Corner, Purna Road",9960708734
New Vision Opticals,Optician,Doctor Lane,9370421957
Yesraj Opticals & Fitting Centre,Optical Wholesaler,Manatkar Hospital,9890976081
Drushti Opticals,Optical Wholesaler,"5855+64G, Umrekar Multispeciality Hospital, Near Kalamadir, Dr. Lane",9421698244
Bandrewar Optical & Netra Mandir,Optical Wholesaler,"5846+758, Near Shyam Talkies, Shivaji Statue, Station Road, Vazirabad",9403747277
Bhiva Optical,Optical Wholesaler,"5868+QXF, Ashraf Nagar, Hingoli Gate",8408832476
New Kiran Optical,Optical Wholesaler,"58H3+X49, M.Ibrahim Complex, Jangamwadi",9822711780
Drushti Opticals,Optical Wholesaler,"5855+64G, Umrekar Multispeciality Hospital, Near Kalamadir, Dr. Lane",9421698244
New Kiran Optical,Optical Wholesaler,"58H3+X49, M.Ibrahim Complex, Jangamwadi",9822711780
Shri Varad Opticals,Optical Wholesaler,5855+8H2,9890004170
Paras Optical,Optical Wholesaler,Doctors Lane,9175102676
Friends Optical,Optical Wholesaler,"58H3+X6H, Nizam Colony, near Lions Eye Hospital",8177842341
Bhwani Optical,Optical Wholesaler,"5854+9XR, Doctor Lane, opposite Kalamandir",8007593824
City Opticals,Optical Wholesaler,"Doctors Plaza, near Railway Station Masjid",9822020486
Drusti Opticals,Optical Wholesaler,"5844+R8H, Doctor Plaza, Doctor Line",9850061138
New Raj Optical Company,Optical Wholesaler,"5878+8WF, Near Lokmanya Mangal Karyalay, Annabhau Sathe Chowk, Hingoli Gate",9860017609
Ananth Opticals,Optical Wholesaler,"5855+CGV, Mahajan Complex, Dr. Lane, near Partha Nethralaya",9823543686
Sai Video Vision,Video store,"58G3+PRW, Main Road, Shri Nagar Bus Stop",9404668844
Rohan Medical & General Stores,Drug store,4944+65V,7798280001
Ananth Opticals,Optical Wholesaler,"5855+CGV, Mahajan Complex, Dr. Lane, near Partha Nethralaya",9823543686
Prathamesh netralaya,Eye care center,Behind Kalamandir,2462242176
Shree Jatashankar Kirana Store,Grocery store,Shop No 1 Pokarna Complex,9766723376
"Dr Sudhakar Tahade, Saidrushti Netralaya",Eye care center,"Dr Sudhakar Tahade; opp Bannalikar Bal, Rugnalay, Doctor Lane",9850983290
Reliance Digital,Electronics store,"Lotiya Complex Bharathi Metal Rolling Mills C -113 , Co operative, Guru Gobind Singh Ji Rd",9324440305
Shriram Optical,Optician,"Madhav Daal Mill, VIP Rd",8421187793
RAHAT EYE HOSPITAL,Hospital,"HYDER BAGH NO 1, ROAD NO 2, HYDERALI CHOWK 9-7-164/3",9970055334
Medplus Cidko Nanded,Pharmacy,"D no.11-2-270/5/1, Plot No.45, near Laxmi Narayan Apartment",9860895971
Amway India Enterprises Pvt Ltd,Health and beauty shop,"First Floor ,SHOP NO 1 Sanman Prestige, Railway Station Rd",8039416600
Tara Mobile Shop,Cell phone store,Opp. Malpani Building,9822449703
M/S Kotalwar Medical's,Pharmacy,"Akash Netralaya, Satyabhama Complex, Railway Station Rd, near Mahesh Optical",2462232524
DMart Nanded,Supermarket,"57VM+6R4, Canal Rd",2233400500
Tara Mobile Shop,Cell phone store,Opp. Malpani Building,9822449703
M/S Kotalwar Medical's,Pharmacy,"Akash Netralaya, Satyabhama Complex, Railway Station Rd, near Mahesh Optical",2462232524
DMart Nanded,Supermarket,"57VM+6R4, Canal Rd",2233400500
Asus Exclusive Store - Pacific Incorporation,Computer store,"Shop No 1, Shriphal Building, near Government DED College",8888888433
Patel Confessionery Wholesale,Grocery store,"Shop No 1 Madina Hardware, opp. Dada Optical",9834588377
Health Plus Medical And General Stores,Pharmacy,"Shop No. 2, Opp. Alhuda Masjid,, Raj Corner, Workshop Road,",9764592334
Sharda Construction & Corp. Pvt Ltd,Real Estate Builders & Construction Company,"Plot NO. 72, Sharda Tower, Ashok Nagar Rd",2462264810
GVC Developers,Real Estate Builders & Construction Company,"2nd Floor, Saptagiri Plaza",2462240004
3N Constructions Private Limited,Real Estate Builders & Construction Company,"Infront Of SGGS Engineering College , Vishnupuri, Nanded - 431606 (M.S",7840914065
M S PATNE DEVELOPER PVT LTD,Real Estate Builders & Construction Company,inside Bhagya nagar,2462266902
Sanman Constructions,Real Estate Builders & Construction Company,"1st Floor, Sanman Towers, Vazirabad",2462234934
Vastu Venture Developers,Real Estate Builders & Construction Company,near Excise office,7058074444
NAGUR INFRA PVT.LTD.,General contractor,"Shop no 16,Gurusingh Market,Shyam Talkies",9552743427
"R.K. Builders & Developers, Nanded",Real Estate Builders & Construction Company,"Akash Plaza, 1st floor, Bhagya Nagar Road, opp. Tulsi comfort",9503944424
"TCT Associates, Architectural and Civil Consultant",Real Estate Builders & Construction Company,"Shop no.3, Hyd Road, near Ayan Tower",8143533540
S K Constructions & Developers,Real Estate Builders & Construction Company,"58P6+54C, Kalbande Complex, Near Saibaba Temple, Chaitanya Nagar",9823289176
Kasliwal Constructions,Real Estate Builders & Construction Company,"Shop No.9, Near Mahavir Chowk, Gurukrupa Business Center",2462246810
S. R. Enterprises,Real Estate Builders & Construction Company,"5866+QGG, Station Road, Gokul Nagar, near Gorakshan Hanuman Mandir",9028644947
Build Well Construction,Real estate agency,"22, M. Phule Market, VIP Road",2462254075
Anuraj Developers ( Tiwadi's),Real Estate Builders & Construction Company,"Kamalnagar, Kautha‬",9421009000
Akruti Consultancy & Construction,Real Estate Builders & Construction Company,"48C7+PMX, Guru Complex, Opp. Union Bank ATM, Santkrupa Market, CIDCO Road",8928664101
Naim Construction,Contractor,Madena nagar,9420707678
M/S. Sai Construction,Real Estate Builders & Construction Company,"C-17, Vishnu Complex, Near Taj Patil, VIP Road",9422188777
khandare construction,Contractor,Ramanand Nagar Rd,9325621530
Apex Computer Institute,Computer store,Mafco Khoja Colony Rd,9028523773
Nidhi Computer Education,Computer training school,"First Floor,Sai Complex, above Kajri Sari Center",9011033625
Novel Computer Academy,Educational institution,Gurukrupa Market,9823086099
Hind Computer Education,Computer training school,"Degloor Naka Road, Hyder BaghRoad Opp Police Chauki Baba Seth Complex, Degloor Naka Chaurasta",9272195025
Shree Nirmala Computer Typing Institute,Educational institution,"Aashirwad Nagar, Pivli Girni, Ganesh Nagar Rd",8669019412
GlitchBusters Technologies Pvt Ltd.,Software company,"Maharana Pratapsingh Society, Opp Bajaj showroom, MGM college road",8087903971
ECCS MOBILE & LAPTOP CHIP LEVEL TRAINING INSTITUTE NANDED,Hardware Training Institute,"Shukla Complex, 2nd Floor, opposite Gokul Hotel ITI Corner",9552954434
TLogic,Computer accessories store,Lane no.16,9923585444
"SOFT-TECH Career Solution, Nanded",Software Training Institute,"First floor, Sai bhavan, Anand Nagar square",7719983827
Malhar Lathkar,Computer training school,"Godawari complex, VIP Road",2462253465
Dinesh Infotech,Educational institution,5846+94Q,8552818143
Top Computer Institute,Computer training school,"Sana Colony, Parvana Nagar, Canel Road",2462260951
Digital Institute of Computer Technology (MS-CIT),Computer Networking Center,"जना कौटा, नृसिंह चौक जवळ",7588424343
Bhadke Computer,Computer software store,SHARDA NAGAR NEAR,9767250181
Shivlila Computer Typing Institute,Typist,"58J3+2R6, Beside Gori Photo Studio, Sonai Plaza Workshop Corner",7709299210
Giri Computer Center,Computer Networking Center,"57PR+JR2, Chhatrapati Chowk, Purna Rd, Beside Giri Mobiles",9764888130
Kusum Computer Typing Institute,Learning center,"Road, near Saubhadra Mangal Karyalay",9975827045
Pragati Computer Typing &Shorthand Institute,Class,"Vishnu Complex, ITI Rd, near Taj Patil Hotel",9730428333
Hi-Tech Computers,Computer repair service,"Shop No.2, Thakur Building, Gokul Nagar, opp. Police Chowki",7304343043
ABHINAV COMPUTER TYPING INSTITUTE,Education center,SHOP NO 1 SAMBHAJI CHOWK CIDCO CID ONROAD CIDCO,9970886934
SHRI SAI COMPUTER SOFTWARE TRAINING CENTER,Education center,"Shop No 2, Cidco Rd",9970165193
Sanskriti Computer Training Center,Coaching Center,"58Q3+7W8, Vikas Nagar, Taroda",9422358985
Bhagylaxmi Computer Center,Computer training school,Front Ashok Primary School,9730763095
SaiKrupa Computer Academy,Training centre,Near Hudco Bus Stop,8855985744
"MS-CIT Center AIMS INFOTECH Tally Prime, DTP, Mastering Computer Typing & Klic English",Computer service,"Purna Rd, near SURYAWANSHI CLASSES",9112480932
Kohinoor Technical Institute - Nanded,Training centre,"Sai Sunder, Opp People'S High school, above Jai laxmi Medical Store",8668815297
Shri Samarth Computers,Computer Networking Center,"Bhaoi Galli, Nagreshwar Road, Sarafa Bazar",2462240879
Bhagyashree Computers,Store,5836+9Q7,9404067277
Megha Computer Typewriting Institute,Computer training school,Kranti Chowk Main Road Cidco,9763061421
Skyas Technologies,Software company,"Sahyog Chambers Sri Nagar, Chowk, near BK Hall",8698487618
Sarthi Educational Consultancy,Educational consultant,"Shop No 1 B K Hall Road, near B K Hall",8888114623
A.K. Computers,Mobile phone repair shop,Sahayog Complex,9890847909
Chhaya Xerox & Typewriting Institute,Copy shop,"Chowki Old Gunj, opp. Itwara Police Station",7588427209
Balaji Computers,Repair service,"Shop No A. 13, ITI Corner, Vishnu Complex",8484925321
Ravi's Infotech,Software Training Institute,Naik Nagar Road,9822750762
THINK BIG ACADEMY NANDED,Training centre,House No 103 Sahyog Chambers,9822753296
Institute of Technology and Management,College,"5895+MHR, VIP Rd",2462254850
IIB Education,Coaching Center,"Parnakuti, Opp MGB, Yeshwant College Rd",7304567567
Anand Coaching Classes,Learning center,"Plot No. 3, near SBI Pawdewadi Naka",2462254290
The M.G.M's College of Library and Information Science,College,"58JF+4X9, Hingoli Road, Near Airport, Ambekar Nagar",2462222999
Creative Coaching Classes,Coaching Center,"Sharda Bhavan, Yeshwant College Rd",9860512364
MGM's Biotechnology College Nanded,College,58HG+H83,9158677558
Yuva Parivartan,Learning center,"61/68, Guru Gobind Singh Ji Rd",2226475359
People's College Nanded,College,57FX+68P,2462252891
Shiva Computers,Computer training school,58F9+FP9,8806789728
Kalyankar Coaching Classes,Coaching Center,in front of Nanded Pharmacy College,9403523523
"Aakash Institute, Nanded",Coaching Center,"Plot No, 17 & 18, Yeshwant College Rd",8800013164
Brilliant Commerce Academy,Coaching Center,in front of market committee ground,2462288440
Arise Academy,Educational institution,Bhagya Nagar Road,8263970081
LKG UKG Chor,Educational institution,"savitribai phule highschool, Yeshwant College Rd, opposite Baba Nagar",9552701234
Premier Spoken English Classes,English language instructor,"3rd Floor, Rukmini Complex, VIP Rd, opp. Global Hospital, near ITI Corner",9075004419
"ALLEN Career Institute, Nanded Campus",Education center,"Plot No. 1, Gopal Krishna Education Centre, Yeshwant College Rd",8306016888
Eknath Patil Academy,Learning center,"5887+J4R, Near SBI Bank Naveen Monda",9822272776
"iB&M, Nanded",Educational institution,"B.K. Hall, Sai Heights, near Metro",9096281832
Saami Sir's Academy,Educational institution,"58G7+323, Bhagya Nagar Road, near mohammadiya masjid",9370186639
Resonance Nanded - VIP Road Center,Coaching Center,"Paras Square, VIP Rd, beside akola urban Co. bank",7446655266
Rajmarg IAS Competitive Academy,Civil examinations academy,"no 1, Bhagya Nagar Road, opposite of Ashok nagar gate",9766711175
Diksha Academy,Coaching Center,"58F5+PW4, Tukai, Shyam Nagar",2462640671
Muni Education,Coaching Center,In front visawa garden gate,8421096806
"Rajmudra Academy, Nanded",Education center,College Road,9403000330
The Unique Academy,Civil examinations academy,"Govindraj Plaza, Main Road",7262987888
Bhargav Career Point,Studying center,Nawaz,7720000979
Winners Academy,Charter school,"Paper Market, Gurudwara Chourasta",9975991013
"Prosper Academy An Institute of Montessori Teacher Training ,Spoken English and Counseling Services",Training centre,"Shop no.8 & 9, Asha Tower, Hingoli - Kalamnuri - Nanded Rd, near Honda Showroom",7020050643
Nidhi Spoken English classes,English language school,"First Floor, Sai Complex, main road, above Kajri Sari Center opp: Karnataka Bank",8485856253
DESHMUKH ACADEMY OF MATHEMATICS,Coaching Center,"2nd Floor, Sonavane Chembers,Above Prestige Showroom, Near Bhagya Nagar, Nanded.",8149499143
IIB Vidyashram,Educational institution,"Bhagya Nagar Road, Shyam Nagar Rd",7304730730
MEAN Academy Nanded,Educational institution,"VIP Rd, near Visava Garden",9561862614
SIP Abacus Nanded,Education center,"1st Floor, Jyothi Talkies Ln, above Kawita Stationary",7774807773
Education,School,"Road Near Airport, Kamtha",8275052380
Ruby Academy,English language school,"58M4+HMC, Airport Rd",9960561864
R.B.Jadhav Maths Class,Educational institution,"58G6+J67, Bhagya nagar - anand nagar road shastri Nagar corner",9766742594
Shriyash Academy,Coaching Center,"Road, beside Mayur Hall",8177853686
"YESHODEEP Coaching classes, Nanded",Education center,58HJ+32J,8308586129
Farooqui's Excellent Coaching Classes Nanded,Coaching Center,"Maltekri Rd, Hyder Bagh St",7276437656
Winner's Choice Academy,Banking Entrance Coaching Centre,"58G6+7G7, Bhagya Nagar",9960732166
Royal Academy,Coaching Center,431601,8830027770
GIRI CHEMISTRY CLASSES,Coaching Center,"Sai Heights, 192, Guru Gobind Singh Ji Rd",9975716523
Moin Cricket Academy,Sports Association,587P+WQ8,9637227081
"Banking Career Academy, Nanded",Banking Entrance Coaching Centre,Yeshwant College Rd,9923901672
"Nanded Skating , Roller Skating Rink",Sports complex,Nanded Malegaon Rd,9975200071
Swiss Bakery & Sweets,Bakery and Cake Shop,"Workshop Rd, below Rathod Coaching Classes",9970099703
Chanakya Abacus,Educational institution,"21/A, Shree Samarth Building, Road, near Lokseva Medical",7385586222
Sudha Services Educational Consultancy,Educational consultant,"Near, Jawahar Nagar, Bhagya Nagar Road",8849661529
Broadway Educational Consultant,Educational consultant,near old B.K Hall,9822393225
ADR Placements - Jobs in nanded एडीआर प्लेसमेंटस - जॉब नोकरी,Employment agency,"Second Floor Sai Bhavan, opp. Bank of Baroda",9860362962
Best Consulting Services,Educational consultant,"108, 1st Floor, Guru Krupa Business Centre",8669489289
GT Educational Consultancy and Multiservices,Educational consultant,Thakare Complex,7972145500
Bright Educational Consultant,Educational consultant,College Road,9960350637
Sarthi Career Consultancy,Career guidance service,"Old BK Hall, Sai Heights",8888114623
Zeal education consultancy nanded,Educational consultant,Yousufiya primary school,8657533344
P.M. Deshpande Tax Consultant,Tax consultant,"Axis Bank, Near, 2nd Floor, Sanman Heights, Nanded Malegaon Rd",7709977116
Sarthi Educational Consultancy,Educational consultant,"Shop No 1 B K Hall Road, near B K Hall",8888114623
SHREE CONSULTANCY,Consultant,Shop No.2 Yadnya Appartmant Sharda Nagar,9960161788
Vijay R Kalani & Co. Chartered Accountant,Certified public accountant,"4th Floor, ""UPNISHAD, behind Balaji Mandir",9423213129
Bank job consultant,Human resource consulting,5855+2XR,9834217955
Kruti services,Real estate consultant,"48R5+J6M, old kautha road , nanded",8879492727
National Auto Consultancy,Financial consultant,"Shop No 21,, Open Air Threater Market, Railway Station Road, near Tehra Agencies",9890847846
Deepak J Indani and Company,Chartered accountant,"Shop No 4 Hanuman Mandir Complex, near SBI APMC Branch",9373072392
Aapulki Consultancy,Real estate consultant,"57PR+GQ9, Siddhivinayak Sankul Chatrapati Chowk, Besidfe Giri Computer Center, Purna Road",9422185501
XNET MANAGEMENT SERVICES PVT.LTD.,Security guard service,near Hotel Rathor,9527207777
Gurukul,Educational consultant,"5863+MXV, Shivaji Nai Abaadi",8237749195
M. K. GURAV AND COMPANY AUDITING AND CONSULTANCY,Tax consultant,"Vishal Mobile Shop, Kaushalya Sadan Vishal Mobile Shop Kaushalya Sadan",9545638567
D.M. Shukla & Sons Tax Consultants,Tax attorney,"B-15, Guru Teg Bahadur Market,, Chikhalwadi Road",9823241881
Samartha Consultancy And Multiservices with Samarth VIP Study point,Information & Referral Services Agency,"Geeta complex 2nd floor, science, 431605, College Road",8830031140
Infinity Consultancy Services,Software Training Institute,"Unit no 5, Khot complex vajirabad",7709681730
Swaraj Multiservices and Online form services,Educational consultant,"B k Hall road, near Pharmacy College",9021210299
Shri Tirumala Balaji Consulting,Real estate consultant,"Shop No: 12, Akash Plaza Building, Anand Nagar Rd, Tilaknagar",9422148711
C. S. Dhumale & Associates,Tax consultant,"Shop No. 25, Tarodekar Chamber, Shiv Vijay Colony, Chaitanya Nagar Road",9579690892
Raju Sanganwar RTO Consultant and RTO Agent Nanded,Consultant,"Om Nivas, opposite Pratibhaniketan School",9422171282
Venkatesh Auto Finance Consultancy,Financial consultant,"5894+J5J, Vip Road, opposite Taj Patti Hotel & Lodging",2462255582
Azhar educational Consultancy,Computer support and services,"Shop No 1, 8, Peer Burhan Nagar Rd",9921663398
Anand Kabra & Co.,Chartered accountant,"3rd floor, Sanman Tower, 431601",2462237804
Amiz Digital | Digital Marketing Nanded Maharashtra India,Marketing agency,"Beside Sanman Prestige, Railway Station Rd",9762939691
Sajjad Ali & Associates,Tax consultant,"48WG+G2P, Chowk Bazar, Sarafa Road",2462243379
Shri Sai Multi Services,Consultant,"48X9+9FF, Saudaghar Complex, Pahla Mazla, Bombay Watch Centre Chya, Pati Maghe, Juna Mouda",9096720710
M.M. Ali & Associates,Tax consultant,"Raj Mohammed Complex, Workshop Rd, near Swami Books Center",9422186041
"S. V. Wattamwar & Co., Chartered Accountants",Certified public accountant,"Sanman Prestige, Railway Station Rd",8149719545
"Adv. G.S. Rudrawar, Adv. P.V. Anantwar",Tax consultant,"Shop No-5, Patil Plaza, VIP Road",9423948965
Prasad Sudhakarrao Khursale,Tax consultant,"58H4+GM3, Vardanand Sankul, Ashok Nagar",9822608420
M.F Auto Consultancy,Used motorcycle dealer,"5887+F8V, V.I.P Road, New Modha",8087323131
Shriniwas Associates,Engineering consultant,"5894+J7M, Kokate Complex, Beside Suzuki Showroom, Shivaji Nagar, VIP Road",9860496398
Sai Auto Consultant,Used motorcycle dealer,5887+5HW,9960161636
Inamdar & Associates,Architect,near Swami Books Center,2462251967
Raj Automotive & Consultant,Exporter,"Ganpati Niwas, Anand Nagar Road",9422171268
Max Life Insurance,Life insurance agency,"Ujjwal Complex, Jaya Chambers 2nd Floor, Plot No 22, CTS 9972, Hingoli - Kalamnuri - Nanded Rd",9527027507
